{
    "counter": {
        "ACTIVE": 13,
        "INACTIVE": 1,
        "INVALID": 0,
        "MALICIOUS": 0,
        "SANE": 0,
        "VALID": 0,
        "total": 14
    },
    "percentage": {
        "ACTIVE": 92.85714285714286,
        "INACTIVE": 7.6923076923076925,
        "INVALID": 0,
        "MALICIOUS": 0,
        "SANE": 0,
        "VALID": 0,
        "total": 100.54945054945055
    }
}